{
    "Flight_plan_1": [
        [
            33.041264092508925,
            -97.02919434106974
        ],
        [
            33.023600992502885,
            -97.1525462602559
        ],
        [
            32.97647810306036,
            -97.19463430289854
        ],
        [
            32.88382669114571,
            -97.18665055461418
        ],
        [
            32.83860373271118,
            -97.14923231929336
        ],
        [
            32.841388164312576,
            -97.12687786271252
        ]
    ],
    "Flight_plan_2": [
        [
            33.041264092508925,
            -97.02919434106974
        ],
        [
            33.02599680923943,
            -96.97194867977608
        ],
        [
            32.97212759093153,
            -96.98431025017052
        ],
        [
            32.88382669114571,
            -97.18665055461418
        ],
        [
            32.763664536229825,
            -96.9596748018077
        ],
        [
            32.760828918493736,
            -97.09685211450186
        ]
    ],
    "Flight_plan_3": [
        [
            33.041264092508925,
            -97.02919434106974
        ],
        [
            33.02599680923943,
            -96.97194867977608
        ],
        [
            33.022333068233934,
            -96.90818933469401
        ],
        [
            32.89404570776544,
            -96.8490124389015
        ],
        [
            32.89403578171869,
            -96.75028833732827
        ],
        [
            32.85984340864708,
            -96.77041414094461
        ],
        [
            32.81383532221997,
            -96.7527611755818
        ]
    ],
    "Flight_plan_4": [
        [
            33.04161229861948,
            -96.88758249872177
        ],
        [
            33.02599680923943,
            -96.97194867977608
        ],
        [
            32.97212759093153,
            -96.98431025017052
        ],
        [
            32.874021307475545,
            -96.95928419917647
        ],
        [
            32.841388164312576,
            -97.12687786271252
        ]
    ],
    "Flight_plan_5": [
        [
            33.04161229861948,
            -96.88758249872177
        ],
        [
            33.02599680923943,
            -96.97194867977608
        ],
        [
            32.97212759093153,
            -96.98431025017052
        ],
        [
            32.874021307475545,
            -96.95928419917647
        ],
        [
            32.763664536229825,
            -96.9596748018077
        ],
        [
            32.760828918493736,
            -97.09685211450186
        ]
    ],
    "Flight_plan_6": [
        [
            33.04161229861948,
            -96.88758249872177
        ],
        [
            33.02599680923943,
            -96.97194867977608
        ],
        [
            33.022333068233934,
            -96.90818933469401
        ],
        [
            32.89404570776544,
            -96.8490124389015
        ],
        [
            32.89403578171869,
            -96.75028833732827
        ],
        [
            32.85984340864708,
            -96.77041414094461
        ],
        [
            32.81383532221997,
            -96.7527611755818
        ]
    ],
    "Flight_plan_7": [
        [
            33.04161229861948,
            -96.88758249872177
        ],
        [
            33.03885692336136,
            -96.7944576396299
        ],
        [
            32.89403578171869,
            -96.75028833732827
        ],
        [
            32.85984340864708,
            -96.77041414094461
        ],
        [
            32.81383532221997,
            -96.7527611755818
        ]
    ],
    "Flight_plan_8": [
        [
            33.02419968806647,
            -96.70296318050296
        ],
        [
            32.89403578171869,
            -96.75028833732827
        ],
        [
            32.85984340864708,
            -96.77041414094461
        ],
        [
            32.81383532221997,
            -96.7527611755818
        ]
    ]
}